area_name,area_type,vibe,best_for,avoid_if,price_range,price_per_night_aed,distance_from_airport_km,nearest_metro,landmarks_nearby,dining_scene,nightlife,family_friendly,beach_access,walking_score,insider_tip
Downtown Dubai,Urban Luxury,Glamorous, iconic, buzzing,First-timers, couples, luxury seekers,You want quiet or budget travel,Luxury,800-3000,25,Burj Khalifa/Mall of Emirates,Burj Khalifa, Dubai Mall, Dubai Fountain, Opera District,World-class fine dining and cafes,Moderate - rooftop bars and lounges,Yes,No - 20 min drive,8/10,Visit Dubai Fountain at 6pm and 8pm for the free show before dinner
Dubai Marina,Waterfront Urban,Cosmopolitan, lively, modern,Young couples, expats, nightlife lovers,You want cultural immersion,Upper Mid to Luxury,600-2500,35,DMCC/Jumeirah Lake Towers,Marina Walk, JBR Beach, Ain Dubai, Bluewaters Island,Diverse international dining along the Marina Walk,High - best nightlife in Dubai,Yes,Yes - JBR Beach 5 min walk,9/10,Walk the full 7km Marina promenade at sunset for the best Dubai skyline views
Palm Jumeirah,Island Luxury,Exclusive, resort-style, prestigious,Honeymoons, luxury travellers, beach lovers,You are on a tight budget,Ultra Luxury,1500-8000,40,No metro - taxi only,Atlantis The Palm, Nakheel Mall, The Pointe, private beaches,Resort dining and upscale beach clubs,Low - private and exclusive,Yes,Yes - private and public beaches,5/10,The Pointe at the tip of the Palm has the best view of Atlantis and is free to visit
Jumeirah Beach Residence (JBR),Beach Resort Urban,Relaxed, beachy, touristy,Families, beach lovers, first-timers,You dislike crowds on weekends,Mid to Upper Mid,500-1800,30,Jumeirah Lake Towers,The Walk JBR, The Beach mall, open beach, Ain Dubai views,Casual beachside restaurants and international chains,Moderate - beach clubs and bars,Yes,Yes - direct beach access,9/10,The Walk on Friday morning has a great outdoor market with local food stalls
Deira,Historic Commercial,Authentic, busy, traditional,Budget travellers, culture seekers, foodies,You want modern luxury,Budget to Mid,150-500,10,Union/BurJuman,Gold Souk, Spice Souk, Dubai Creek, Deira Clocktower,Incredible authentic Middle Eastern and South Asian cuisine,Low - traditional and local,Yes,No - creek-side only,7/10,Cross the Dubai Creek by Abra water taxi for just 1 AED - most authentic Dubai experience
Bur Dubai,Historic Cultural,Traditional, mixed, authentic,Culture lovers, budget travellers, history fans,You want beach or nightlife,Budget to Mid,150-450,15,BurJuman/Al Fahidi,Al Fahidi Historical District, Dubai Museum, Grand Mosque,Multicultural dining - Arabic, Indian, Pakistani, Filipino,Low - conservative area,Yes,No,7/10,Al Fahidi Historical District is the oldest neighbourhood in Dubai and completely free to explore
Business Bay,Urban Business,Sleek, modern, central,Business travellers, couples, mid-budget,You want beach access,Mid to Upper Mid,400-1500,20,Business Bay,Dubai Water Canal, Opus Building, close to Downtown,Growing restaurant scene along the canal,Moderate - trendy bars and rooftops,Yes,No - canal-side only,7/10,The Dubai Water Canal waterfront walk connects Business Bay to Downtown and is stunning at night
Dubai Creek Harbour,New Waterfront,Fresh, futuristic, upcoming,Couples, photography lovers, value luxury,You want established attractions,Mid to Upper Mid,500-1600,20,No metro yet - taxi,Dubai Creek Tower (under construction), Ras Al Khor Wildlife Sanctuary,Limited but growing - modern cafes and restaurants,Low - still developing,Yes,No,6/10,Ras Al Khor Wildlife Sanctuary nearby has free flamingo viewing - hidden gem most tourists miss
City Walk,Lifestyle Urban,Trendy, open-air, stylish,Couples, foodies, shoppers,You are on a tight budget,Upper Mid to Luxury,600-2000,22,No metro - taxi,City Walk mall, Green Planet, La Mer nearby,Premium dining - best brunch spots in Dubai,Moderate - trendy venues,Yes,No,8/10,Green Planet is an indoor tropical rainforest inside City Walk - unique experience especially for families
La Mer,Beach Lifestyle,Bohemian, beachy, instagrammable,Young couples, beach lovers, casual travellers,You want traditional Dubai,Mid to Upper Mid,500-1500,25,No metro - taxi,La Mer beach, Laguna Waterpark, Citywalk nearby,Casual beachside cafes and international food trucks,Low to Moderate,Yes,Yes - La Mer public beach,8/10,Visit on a weekday morning - dramatically less crowded than weekends and the beach is pristine
DIFC,Financial Luxury,Sophisticated, upscale, artsy,Business travellers, fine dining lovers, art fans,You want value for money,Luxury,800-2500,22,Financial Centre,Gate Village, Nada Art Gallery, luxury hotels,Best fine dining concentration in all of Dubai,High - Gate Village has top cocktail bars,No,No,6/10,Gate Village outdoor art installations are free to view and change seasonally
Jumeirah,Residential Beach,Relaxed, green, residential,Families, long-stay visitors, beach lovers,You want nightlife or city buzz,Mid to Upper Mid,400-1500,25,No metro - taxi,Jumeirah Beach, Burj Al Arab views, Souk Madinat,Relaxed cafes and family restaurants,Low - residential and quiet,Yes,Yes - Jumeirah public beach free,6/10,Kite Beach in Jumeirah is free, less crowded than JBR and has great Burj Al Arab views
Al Quoz,Arts Industrial,Creative, alternative, edgy,Art lovers, creatives, off-the-beaten-path,You want tourist convenience,Budget to Mid,200-600,20,No metro - taxi,Alserkal Avenue art district, numerous galleries,Independent cafes and creative dining concepts,Low but growing,No,No,4/10,Alserkal Avenue on a Friday has free gallery openings and is the most authentic creative scene in Dubai
Dubai Hills,Suburban Luxury,Green, quiet, family-oriented,Families, long stays, golfers,You want city buzz or beach access,Mid to Upper Mid,500-1800,30,No metro - taxi,Dubai Hills Mall, Dubai Hills Golf Club, Central Park,Growing dining scene in Dubai Hills Mall,Low - residential,Yes,No,5/10,Dubai Hills Park is one of the largest green spaces in Dubai and completely free - rare in the city
Jumeirah Lake Towers (JLT),Urban Residential,Relaxed, local, affordable,Budget-conscious travellers, expats, long stays,You want luxury feel or beach,Budget to Mid,250-700,32,DMCC,JLT lakes, close to Dubai Marina,Good value international dining - hidden gem food street,Low to Moderate,Yes,No,7/10,The JLT food street near Cluster A has outstanding value restaurants used by Dubai residents not tourists
Mirdif,Suburban Family,Quiet, residential, authentic,Families, budget travellers, long stays,You want tourist attractions nearby,Budget,150-400,15,No metro - taxi,Mirdif City Centre, Mushrif Park,Local authentic dining - real residential Dubai,Very Low,No,No,4/10,Mushrif Park has an international village with replica houses from 25 countries - completely unique and very local
Al Barsha,Mid-City Practical,Practical, mixed, convenient,Budget travellers, practical stays, shoppers,You want luxury or beach feel,Budget to Mid,200-600,20,Mall of the Emirates,Mall of the Emirates, Ski Dubai, close to Metro,Good value international restaurants,Low,No,No,6/10,Mall of the Emirates Ski Dubai is the only indoor ski slope in the Middle East - worth visiting even if not skiing
Satwa,Local Authentic,Gritty, real, multicultural,Budget travellers, foodies, culture seekers,You want comfort or modernity,Budget,100-350,20,World Trade Centre,Ravi Restaurant (institution), plant souk, fabric shops,Best budget authentic food in Dubai - Pakistani and Arabic,Very Low,No,No,6/10,Ravi Restaurant on Al Satwa Road is a Dubai institution since 1978 - best budget biryani in the city under 20 AED
Dubai South/Expo City,New Futuristic,Modern, spacious, developing,Expo visitors, aviation workers, budget seekers,You want established city life,Budget to Mid,200-700,10,Route 2020 Metro,Expo City Dubai, Al Maktoum Airport, future development,Limited - mostly hotel dining,Very Low,No,No,4/10,Expo City Dubai museums and pavilions are still open post-Expo and largely free to explore - most tourists don't know this
Festival City,Waterfront Mixed,Modern, family, convenient,Families, shoppers, festival goers,You want urban buzz,Mid,350-900,18,No metro - taxi,Festival City Mall, IKEA, Creek views, IMAGINE show,Good mall dining options,Low,No,No - creek views only,5/10,The free IMAGINE laser and water show at Festival City Mall runs nightly and is one of Dubai's best free experiences
